,ability,able,abstain,abstentions,accepted,access,accessing,accompanying,accordance,accordingly,account,accounting,act,acted,action,actions,activities,addition,additional,addressed,adjournments,administered,administering,administrator,administrators,admission,admit,admittance,admitted,adopt,adopted,adoption,advance,advertisements,advisers,advisory,affairs,affect,agent,agree,aids,alexander,alliance,allow,allowed,allows,amend,amended,amendment,annex,announce,annual,another,answer,answers,appear,appendix,applicable,appoint,appointing,appointment,appropriate,approval,approve,approved,approving,approximately,april,archived,areas,around,article,ask,asked,asktheboard,assert,assist,atlanta,attached,attend,attendance,attended,attendees,attraction,audiocast,audit,auditors,authenticate,authority,authorization,authorized,availability,available,award,awards,back,bags,ballot,bank,banks,basis,bear,beginning,behalf,behind,beneficial,benefit,bernhard,best,beverage,beverages,binding,black,blackberries,board,board’s,book,bottling,box,brand,briefcases,bring,broker,brokerage,brokers,brought,buds,buffett,business,bylaw,call,called,cameras,canada,canadian,canton,card,care,caribbean,case,cast,cathleen,cce,cellular,center,certain,certificate,certify,chairman,chance,change,charge,charters,check,checkpoint,choice,choices,circumstances,claims,click,clicking,close,coca,codes,coke,cola,colacom,colacompany,colacompanycom,com,come,comment,commission,committee,common,communicate,communicates,communication,communications,company,company’s,companys,compensation,complaints,complete,completion,complied,comply,complying,computershare,concerns,conduct,confidence,confidential,confirm,confirmation,connection,consider,consideration,considered,constituting,consumer,contact,contacting,contain,contained,contains,contents,contested,continue,continuously,control,copies,copy,corporate,corporation,cost,costs,counted,counts,cummings,current,currently,custodians,cynthia,date,dated,day,day”,deadline,december,decisions,deductibility,defend,delaware,delievered,deliver,delivered,delivering,delivery,denied,department,depends,described,designate,designated,designating,designation,designed,designing,desirability,desire,detailed,details,determining,deval,devices,difference,different,digit,direct,directed,direction,directly,director,directors,directors”,directors’,disagree,discretion,discretionary,discussion,displays,distributed,document,documentation,documents,driver’s,due,duties,dynamic,easily,eight,ejection,elect,elected,election,electronic,electronically,eleven,eligible,email,employee,employees,enclose,enclosed,enclosures,encourage,encouraged,ended,engaged,engaging,enhanced,enroll,enrolling,enrollment,ensure,ensuring,enter,enterprises,entitled,entrance,entry,equipment,equity,ernst,establish,established,estimated,even,event,every,except,exchange,exciting,excluded,executed,executive,exhibitions,expedite,expenses,experience,expressed,extraordinary,facilitate,failure,fascinating,favor,favorable,fax,fayard,features,february,fee,fiduciaries,filed,filings,filings”,final,financial,find,firm,first,fiscal,five,follow,following,form,forms,formula,forth,forum,forwarded,forwarding,found,four,fourteen,free,frequency,friday,furnish,furnished,future,gain,gary,general,generally,geoffrey,georgeson,georgia,germane,get,give,given,giving,goepelt,going,governance,governance”,granted,greater,greatly,group,guest,guests,guidelines,hand,held,heyer,hiv,hold,holder,holders,holding,holds,home,hostile,hours,householding,however,human,identified,identities,iii,illegal,important,inc,incentive,incident,include,included,includes,including,inclusion,incorporate,incorporated,incorporation,incurred,independent,individual,individuals,industry,information,informative,inquiries,inspection,inspectors,instead,instruction,instructions,intend,intended,interaction,interest,interested,intermediary,internet,investors,item,items,james,job,join,joint,jointly,june,junk,k”,kathy,kelly,king,know,known,large,later,law,law”,laws,lead,learn,least,legal,legally,legendary,letter,license,like,limit,limited,link,links,list,listen,live,llc,llp,local,located,location,log,logging,long,look,made,mailed,mailing,mailings,main,majority,make,makes,making,management,manner,many,march,mass,match,material,materials,matter,matters,mccague,mean,measures,meet,meeting,meetings,mercer,methods,mind,monday,multimedia,multiple,must,nakocom,name,named,names,nardelli,necessary,need,needed,next,nominate,nomination,nominations,nominations”,nominee,nominees,non,normal,note,notice,notified,november,number,numbers,obscene,obtain,october,offer,offered,office,officers,often,omitted,one,online,opened,opinions,opportunity,opting,option,oral,order,otherwise,outcome,outside,outstanding,overflow,owned,owner,owner”,owners,owners’,ownership,owning,packages,page,pandemic,paper,part,participate,particular,parties,passport,patrick,pay,per,performance,permit,permits,permitted,person,personal,persons,phone,photo,plan,plan”,plan’s,plans,planted,plaza,pleased,plurality,plus,polar,policy,portion,postponements,practice,preliminary,present,presented,preserve,previous,previously,print,prior,priority,procedure,procedures,process,producing,product,productive,products,program,programs,promptly,prompts,promulgated,proof,proper,properly,proponent,proportion,proposal,proposals,propose,provide,provided,provides,provisions,proxies,proxy,public,puerto,purpose,purposes,pursuant,qualified,question,questions,quincey,quorum,raised,ratification,ratify,receipt,receive,received,receiving,recent,recommendation,recommends,record,recorded,recording,reference,referred,reflecting,refrescos,regarding,register,registered,registrar,registration,regular,regulations,reimburse,relating,report,representative,representatives,request,requesting,requests,require,required,requirements,reserve,residing,respect,response,responsibilities,responsible,restricted,result,results,resumes,retain,returned,returning,review,revoke,revoked,rico,rights,robert,room,royall,rule,rules,safe,satisfy,save,savings,say,scenes,scheduled,screened,seating,sec,secretary,section,securities,security,see,send,sending,sent,separate,september,serve,served,service,services,serving,set,seven,shall,share,shareholder,shareowner,shareowner’s,shareownermeeting,shareowners,shareowners’,shareownerservices,shares,showing,sign,signed,signs,similar,similarly,simply,since,single,site,six,sixteen,smartphones,solicit,solicitation,solicitations,solicited,someone,sound,space,spam,special,specific,specified,specify,spend,standard,standards,standing,starts,state,statement,statements,steven,still,stock,story,street,structure,subject,submit,submitted,submitting,sufficient,suggestions,summarized,survey,surveys,tabulate,tabulator,taste,tax,telephones,term,terms,territories,thank,threatening,three,thrift,ticket,tickets,time,timely,toll,totals,touchtone,transfer,treat,tree,trees,trip,trivial,trust,two,type,unable,understand,unduly,unrelated,unsuitable,upon,us”,use,using,usual,valid,validated,values,vault,venue,verify,version,video,view,views,visiting,vote,vote”,voted,voter,votes,voting,waller,want,warren,way,webcast,webcasts,webcasts”,website,well,whether,whichever,whole,wish,withhold,within,without,world,world’s,writing,written,www“coca,www“edocumentviewcom,www“envisionreportscom,www“thecoca,www“theinvestornetworkcom,wwwcoca,wwwcomputersharecom,wwwedocumentviewcom,wwwenvisionreportscom,wwwetreecom,wwwetreeusacom,wwwinvestorvotecom,wwwproxyvotecom,wwwsecgov,wwwthecoca,wwwtheinvestornetwork“com,wwwtheinvestornetworkcom,year,years,young
character(0),0,1,4,2,0,0,0,0,0,0,0,0,0,0,0,0,0,0,0,0,1,0,0,0,0,4,1,0,0,1,0,1,0,0,0,0,0,1,0,0,0,0,0,2,0,0,1,0,7,0,0,3,1,0,1,1,0,1,0,0,5,0,10,5,1,0,0,0,0,0,0,0,2,0,0,1,0,0,1,1,0,0,0,0,0,0,3,1,0,0,0,0,1,0,0,0,0,0,4,0,0,0,0,1,0,0,0,0,0,0,0,0,2,0,6,0,0,0,0,0,0,4,6,1,0,0,0,2,1,0,0,2,0,1,0,0,10,0,0,2,4,2,0,0,0,0,0,2,0,0,0,0,0,0,0,2,5,0,1,0,0,1,4,0,0,4,0,0,0,0,0,1,0,0,6,0,1,0,0,6,4,0,0,0,0,1,0,0,0,0,0,0,1,1,1,0,0,0,0,0,0,0,0,0,0,0,0,0,1,2,0,1,0,0,0,0,0,0,2,1,0,0,0,0,0,4,1,0,0,0,0,0,0,1,1,0,0,0,1,0,0,0,0,2,1,1,1,1,1,0,0,0,0,0,0,0,0,1,1,0,0,0,0,0,3,6,0,0,0,0,0,0,0,0,3,0,0,0,0,0,0,0,2,0,1,1,4,0,0,0,0,0,0,1,1,1,1,0,0,0,0,0,0,0,0,0,0,0,0,0,1,0,0,0,0,4,0,1,0,0,0,0,1,0,0,0,1,4,0,0,0,0,0,0,0,0,0,5,0,0,0,0,1,0,0,0,0,0,0,0,0,0,0,0,1,0,0,1,0,0,0,0,0,0,0,0,0,1,0,0,0,0,0,1,0,0,0,0,0,0,0,1,1,1,1,0,0,0,0,0,0,0,0,0,0,0,0,2,0,0,0,0,6,1,1,0,0,0,0,1,0,0,1,0,0,0,0,4,0,0,1,0,1,0,0,0,0,0,6,0,0,0,0,0,0,0,2,0,0,4,0,0,0,0,0,0,4,0,0,0,0,0,0,0,0,0,0,0,0,0,0,0,0,0,1,1,0,0,0,0,0,8,0,0,0,0,0,0,0,0,0,0,0,0,0,4,0,0,0,0,0,5,0,0,0,0,0,0,4,0,2,0,1,0,1,0,0,0,0,0,2,0,0,1,0,1,23,0,0,2,0,0,0,0,0,0,8,0,0,2,1,4,5,0,0,0,0,0,0,7,2,0,1,2,0,0,1,1,0,0,0,0,0,0,1,0,0,0,0,0,0,0,0,4,0,1,1,1,1,0,0,0,13,0,15,1,1,0,0,0,0,0,0,0,0,0,0,0,0,0,4,0,0,0,10,0,0,0,1,10,0,0,0,0,0,0,1,0,0,0,0,1,2,0,0,2,0,0,1,0,1,0,0,2,0,0,0,0,0,0,0,0,0,0,0,0,3,0,0,15,4,0,0,0,0,0,4,33,0,0,0,0,0,0,1,1,0,0,0,5,3,0,3,0,0,1,0,5,9,1,0,0,0,0,0,0,0,1,0,0,0,1,0,0,0,0,0,1,0,0,5,1,1,0,0,0,0,0,0,0,0,2,0,1,1,1,0,2,1,0,0,2,0,0,0,0,0,0,0,0,0,0,0,0,0,1,1,0,0,0,0,0,0,0,1,0,1,0,0,0,0,0,0,0,28,0,0,0,0,0,0,0,12,0,1,1,0,0,0,0,0,0,0,0,0,0,0,1,0,0,1,0,0,0,0,2,0,2,0,0,0,1,0,0,3,0,0,0,12,0,6,0,0,0,0,0,0,0,0,0,0,1,1,0,0,0,4,0,0,0,0,2,0,0,0,1,0,1,1,1,0,0,0,0,0,0,0,0,0,0,0,0,0,0,0,0,3,2,1,0,0,0,0,0,1,0,0,0,0,0,42,0,2,0,11,23,0,0,2,0,0,0,0,0,0,0,0,0,0,2,0,2,0,0,0,5,0,0,0,0,0,0,0,0,0,0,0,0,0,0,0,0,0,0,1,4
character(0),0,1,2,2,0,0,0,0,0,0,0,0,0,0,0,0,1,0,1,0,1,0,0,0,0,4,1,0,0,0,0,0,0,0,0,0,0,1,0,0,2,0,0,2,0,0,0,0,0,0,0,6,1,0,1,1,0,1,0,0,5,0,2,1,1,0,0,0,1,0,0,0,2,0,0,1,1,0,1,2,2,1,0,0,0,0,3,1,0,0,0,0,2,0,0,0,0,0,4,0,0,1,0,1,0,1,0,0,0,0,0,0,0,0,4,0,0,0,0,0,0,4,6,1,1,0,0,0,1,0,0,2,0,1,0,0,10,0,0,2,2,0,0,0,0,0,0,2,0,0,0,0,0,0,0,2,3,0,1,0,1,1,0,0,0,0,1,0,0,0,0,1,1,0,5,0,1,0,1,4,0,1,1,0,0,1,0,0,0,0,0,0,1,1,1,0,1,0,0,0,0,0,1,0,0,1,0,0,1,2,0,0,0,1,0,0,1,1,2,1,0,0,0,1,0,4,1,0,0,0,0,0,0,1,1,0,0,0,1,0,0,0,0,2,1,1,1,1,1,0,0,0,0,0,0,2,0,1,1,0,0,0,0,0,3,8,0,0,0,0,0,0,0,0,3,0,0,0,0,0,0,0,0,0,1,1,4,0,0,0,0,0,0,2,1,1,1,0,0,0,1,0,0,0,0,0,0,0,0,0,1,0,0,0,0,4,0,1,1,0,0,0,2,1,0,0,1,1,0,0,2,0,0,0,0,0,0,3,0,0,2,0,1,1,1,0,0,0,0,0,0,0,0,0,0,0,0,1,0,0,0,0,0,1,0,0,0,1,0,0,0,0,0,1,2,0,0,0,1,0,0,1,1,1,1,0,0,0,0,0,0,0,0,0,0,0,0,3,2,2,0,0,4,1,1,0,0,0,0,1,0,0,1,0,0,0,1,0,0,0,2,0,0,0,0,1,0,1,6,0,0,0,1,0,0,0,2,0,0,4,0,0,0,0,0,0,4,1,0,0,0,0,0,0,0,0,0,0,0,0,0,0,0,0,1,1,0,0,0,0,0,8,0,0,0,0,0,0,0,1,0,0,0,2,0,4,0,0,0,0,1,1,0,0,0,0,0,0,2,0,2,0,1,0,1,0,0,0,0,1,2,0,0,1,0,1,27,0,0,2,0,0,0,0,0,0,8,0,1,0,1,4,3,0,0,0,0,0,0,7,2,0,1,2,0,0,1,0,0,0,0,0,0,0,4,0,0,1,0,0,0,0,0,0,0,1,1,1,0,0,0,0,15,0,18,0,1,0,0,0,2,0,0,0,0,0,0,2,0,0,0,0,0,0,9,1,0,0,1,0,0,0,0,0,0,0,1,1,0,2,0,1,1,0,0,2,0,0,1,0,1,0,0,2,0,0,0,0,0,0,0,0,0,0,0,0,3,0,0,10,5,0,0,0,0,0,8,32,0,0,0,0,0,0,1,1,0,0,0,5,3,0,4,0,0,1,0,3,9,1,0,2,0,0,0,0,0,1,0,0,0,1,1,0,2,0,0,1,0,0,3,1,1,0,0,0,0,0,0,0,0,2,0,1,1,1,0,2,1,0,0,0,0,0,0,0,0,0,0,0,0,0,0,0,0,1,1,0,1,0,0,0,0,0,1,0,1,0,0,0,0,0,1,0,31,1,0,0,0,0,0,0,9,0,1,1,0,0,0,0,0,0,0,1,1,0,1,3,0,1,1,0,0,0,0,2,0,2,0,0,0,1,0,0,4,0,2,0,7,0,6,0,0,0,0,0,0,0,0,0,0,1,1,0,0,0,0,0,0,0,0,2,0,0,0,1,0,1,1,1,0,0,0,0,0,0,0,0,0,0,0,0,0,0,0,0,2,2,0,0,0,0,0,0,1,0,0,2,0,0,34,0,1,0,9,15,0,1,0,0,4,0,0,3,0,0,0,0,0,2,0,2,0,0,0,5,0,0,0,0,0,1,0,0,0,0,0,0,0,0,0,0,0,0,1,4
character(0),0,2,2,2,0,0,0,0,0,0,0,0,0,0,0,0,1,0,1,0,1,0,0,0,0,4,1,0,0,0,0,0,0,0,0,0,0,1,0,0,0,0,0,2,0,0,0,0,0,0,0,6,3,0,1,2,0,1,2,0,5,0,2,1,1,0,0,0,1,0,0,0,2,0,0,1,1,0,1,1,2,1,0,0,0,0,4,1,0,0,0,0,2,0,0,0,0,0,4,0,0,1,0,3,0,1,0,0,0,0,0,0,0,0,4,0,0,0,0,0,0,4,6,1,1,0,0,0,1,0,0,2,0,1,0,0,9,0,0,2,2,0,0,0,0,0,0,2,0,0,0,0,0,0,0,2,3,0,1,0,1,1,0,0,0,0,1,0,0,0,0,1,1,0,5,0,1,0,1,4,0,0,1,0,0,1,0,0,0,0,0,0,1,1,1,0,1,0,0,0,0,0,1,0,0,1,0,0,1,2,0,0,0,1,0,0,1,1,3,1,0,0,0,1,2,4,1,0,0,0,0,0,0,1,1,0,0,0,1,0,0,0,0,5,1,1,1,1,1,0,0,0,0,0,0,0,0,1,1,0,0,0,0,0,3,7,0,0,0,0,0,0,0,0,3,0,0,0,0,0,0,0,0,0,1,1,4,0,0,0,0,0,0,2,1,1,1,0,0,0,1,0,0,0,0,0,0,0,0,0,1,0,0,0,0,4,0,1,1,0,0,0,2,1,0,0,2,0,0,0,2,0,0,0,0,0,0,3,0,0,2,0,1,1,1,0,0,0,0,0,0,0,0,0,0,1,0,0,0,0,0,0,0,1,0,0,1,1,0,0,0,0,0,2,2,0,0,2,1,0,0,1,1,1,1,0,0,0,0,0,0,0,0,0,0,0,0,4,0,0,0,0,5,1,1,0,0,0,0,1,0,0,1,0,0,0,1,0,0,0,2,0,0,0,0,1,0,1,7,0,0,0,1,0,0,0,2,0,0,4,0,0,0,0,0,0,4,1,0,0,0,0,0,0,0,0,0,0,0,2,0,0,0,0,1,1,0,0,0,0,0,11,2,0,0,0,0,0,0,1,0,0,0,2,0,4,0,0,0,0,1,1,0,0,0,0,0,0,2,0,2,0,1,0,1,0,0,0,0,1,2,0,2,1,0,1,31,0,0,2,0,0,0,0,0,0,10,0,1,0,1,4,3,0,0,0,0,0,0,7,2,0,2,2,0,0,1,0,0,0,0,0,0,1,4,0,0,1,0,0,0,0,0,0,0,1,1,1,0,0,0,0,0,0,2,0,1,0,0,0,0,0,0,0,0,0,0,0,0,0,0,0,0,0,9,1,0,0,1,0,0,0,0,0,0,0,1,1,0,2,0,1,1,0,0,3,0,0,2,0,1,0,0,3,0,0,0,0,0,0,0,0,0,0,0,0,4,0,0,8,5,0,0,0,0,0,8,38,0,0,0,0,0,0,4,1,0,0,0,5,3,0,4,0,0,1,0,3,9,1,0,2,0,0,0,0,0,1,0,0,0,1,1,0,0,0,0,2,0,0,3,1,1,0,0,0,0,0,0,0,0,2,0,1,1,1,0,2,2,0,0,0,0,0,0,0,0,0,0,0,0,0,0,0,0,1,1,0,1,0,0,0,0,0,1,0,1,0,0,0,0,0,0,0,0,1,11,0,0,17,0,0,11,0,1,1,0,0,0,0,0,0,0,0,0,0,1,3,0,1,1,0,0,0,0,2,0,2,0,0,0,1,0,0,4,0,0,0,7,0,8,0,0,0,0,0,0,0,0,0,0,1,1,0,0,0,0,0,0,0,0,5,0,0,0,1,0,1,1,1,0,0,0,0,0,0,0,0,0,0,0,0,0,0,0,0,2,2,0,0,0,0,0,0,1,0,0,2,0,0,37,0,1,0,9,15,0,0,0,0,4,0,0,3,0,0,0,0,0,2,0,4,0,0,0,5,0,0,0,0,0,1,0,0,0,0,0,0,0,0,0,0,0,0,1,4
character(0),0,2,3,2,0,1,0,0,0,0,1,0,0,0,0,0,1,0,1,0,1,0,0,0,2,3,1,0,0,0,0,0,0,0,0,0,0,1,0,0,0,0,0,3,1,0,0,0,8,0,0,14,2,0,1,1,0,1,1,0,5,0,5,4,1,0,0,1,1,0,0,0,2,0,0,1,1,0,1,1,2,1,0,0,0,0,4,1,0,0,0,1,3,3,0,0,1,0,7,0,0,1,0,2,0,1,6,0,0,0,0,0,0,0,5,0,1,0,0,0,1,4,8,2,1,0,0,0,2,0,0,2,1,1,0,0,12,0,0,2,3,0,0,1,0,0,1,2,0,0,1,0,0,1,0,2,4,0,1,0,1,1,6,0,0,6,2,0,0,0,0,1,1,0,7,0,1,0,0,9,0,0,1,0,0,1,0,0,0,0,0,0,1,1,1,0,1,0,0,0,0,0,1,0,0,1,0,0,1,2,0,0,2,1,0,0,2,1,2,1,0,0,0,1,2,4,1,0,0,0,1,0,0,1,1,0,0,0,1,2,0,0,0,5,1,1,1,1,1,0,0,0,0,0,0,0,1,1,1,0,0,0,0,1,3,7,0,0,0,0,0,0,0,0,3,0,3,0,0,0,0,0,0,0,2,1,4,5,1,1,0,0,0,2,1,1,0,0,0,1,1,0,0,1,1,1,0,0,0,3,1,0,1,2,0,4,0,1,1,0,0,0,2,1,0,0,1,0,0,0,2,0,0,0,0,0,0,4,0,0,2,0,1,1,1,0,0,0,0,0,0,0,0,0,3,2,1,5,0,0,0,0,0,1,0,0,0,1,0,0,0,0,2,2,2,0,0,2,0,0,0,0,2,1,1,0,1,0,0,0,0,0,0,0,0,0,0,3,0,0,3,2,6,1,1,1,0,0,0,1,0,0,1,0,0,0,1,0,0,0,3,0,0,0,0,1,0,1,7,0,0,0,2,0,0,0,2,1,0,8,0,0,0,0,0,0,6,1,0,0,0,0,0,0,0,0,0,0,0,2,1,0,0,1,1,1,0,0,0,0,0,10,1,0,0,0,0,0,0,2,1,0,0,2,0,4,0,0,0,0,1,1,0,0,1,1,0,0,3,0,2,0,1,0,1,0,0,0,0,4,2,0,2,1,0,1,36,0,0,2,1,0,0,0,1,0,11,0,0,0,1,4,4,0,0,0,0,0,0,7,2,0,2,5,0,0,1,0,0,0,0,0,0,1,4,0,0,2,1,0,0,1,1,0,0,1,1,1,0,0,0,0,0,0,2,0,1,0,1,0,0,0,0,0,0,0,0,0,0,0,0,0,0,0,10,1,0,0,1,10,0,0,1,0,0,0,1,1,0,2,0,1,1,0,0,3,0,0,1,0,1,0,0,3,0,1,0,0,0,0,0,0,1,0,0,0,4,0,1,11,5,0,1,1,0,0,8,46,0,0,0,0,0,0,4,1,0,0,0,5,3,0,9,2,1,1,0,4,13,1,1,2,0,0,0,1,0,1,0,0,0,1,1,0,3,0,0,1,0,0,4,1,1,0,0,0,0,0,0,5,0,2,0,1,1,1,2,1,1,0,0,0,1,0,0,0,0,0,1,0,0,0,0,0,0,1,1,0,1,0,0,0,0,0,1,0,1,0,3,0,0,0,0,0,0,0,12,0,0,20,0,0,19,0,1,1,0,1,0,1,0,0,1,0,0,0,1,3,0,1,1,1,0,0,0,2,0,3,0,0,0,1,0,0,6,0,0,0,14,0,9,0,0,0,0,0,1,0,0,0,0,1,1,0,0,1,0,0,0,0,0,2,0,0,0,3,0,1,1,1,0,0,0,0,0,0,0,0,0,0,0,0,0,0,0,0,2,2,0,0,0,0,0,0,1,0,1,2,0,0,44,0,1,0,10,24,0,0,0,0,4,0,0,4,0,0,0,0,0,2,0,3,0,0,0,6,0,0,0,0,0,2,0,0,0,0,1,1,0,0,0,0,0,1,1,4
character(0),0,3,5,2,0,1,0,0,0,0,1,0,0,0,0,0,1,0,1,0,1,0,0,0,2,3,1,0,0,0,0,0,0,0,0,0,0,1,0,0,0,0,0,3,1,0,0,0,0,0,0,15,2,0,1,1,0,1,1,0,5,0,6,4,1,0,0,1,1,0,0,0,2,0,0,1,1,0,1,1,2,1,0,0,0,0,4,1,0,0,0,1,3,0,0,0,1,0,7,0,0,1,0,3,0,1,6,0,0,0,0,0,0,0,5,0,1,0,0,0,1,5,8,2,1,0,0,0,2,0,0,2,1,1,0,0,13,0,0,2,4,0,1,1,0,0,1,2,0,0,1,0,0,1,0,2,4,0,1,0,1,1,4,0,0,4,0,0,2,0,0,1,1,0,8,0,1,0,0,8,0,0,1,0,0,1,0,0,0,0,0,0,1,1,1,0,1,0,0,0,0,0,1,0,0,1,0,0,1,2,0,0,2,1,0,1,3,1,2,1,0,0,0,1,2,4,1,0,0,0,1,0,0,1,1,0,0,0,1,3,0,0,0,5,1,1,1,1,1,0,0,0,0,0,0,0,1,1,1,0,0,0,0,1,3,5,0,2,0,0,0,0,0,0,3,0,3,0,0,0,0,0,0,0,2,1,4,6,1,0,0,0,0,2,1,1,0,0,0,1,1,0,0,1,2,1,0,0,0,1,1,0,1,2,0,4,0,1,1,0,0,0,1,1,0,0,1,0,0,0,2,0,0,0,0,0,0,5,0,0,2,0,1,1,1,0,0,0,0,0,0,0,0,0,2,2,1,5,0,0,0,0,0,1,0,0,0,1,0,0,0,0,2,2,2,1,0,2,0,0,0,0,2,1,1,0,1,0,0,0,0,0,0,0,0,0,0,3,0,0,3,2,7,1,1,1,0,0,0,2,0,0,1,0,0,0,1,9,0,0,3,0,0,0,0,1,0,1,7,0,0,0,2,0,0,0,2,1,0,8,0,0,0,0,0,0,6,0,0,0,0,0,0,0,0,0,0,0,0,2,1,0,0,1,1,1,1,0,0,0,0,10,1,0,0,0,0,0,0,2,1,0,0,2,0,4,0,0,0,0,1,1,0,0,1,1,0,0,4,0,2,0,1,0,1,0,0,0,0,4,2,0,2,1,0,1,38,0,0,2,1,0,0,0,1,0,11,0,0,0,1,5,4,0,0,0,0,0,0,10,2,0,2,5,0,0,1,0,0,0,0,0,0,1,4,0,0,1,1,0,0,1,1,0,0,1,1,1,0,0,0,0,0,0,2,0,1,0,1,0,0,0,0,0,0,0,0,0,0,0,8,0,0,0,11,1,0,0,1,14,1,0,1,1,0,0,0,1,0,2,0,1,1,0,0,3,0,0,1,0,1,0,0,3,0,1,0,0,0,0,0,0,1,0,0,0,4,0,1,9,5,0,1,1,0,0,8,47,0,0,0,0,0,0,4,1,0,0,0,5,3,0,9,2,1,1,0,4,13,1,1,2,0,0,0,1,0,1,0,0,0,1,1,0,3,0,0,1,0,0,4,1,1,0,0,2,0,0,0,0,0,2,0,1,1,1,3,1,1,0,0,0,1,0,0,0,0,0,1,0,0,0,0,0,0,0,1,0,1,0,0,0,0,0,1,0,1,0,3,0,0,0,0,0,0,0,14,0,0,19,1,0,21,0,1,1,0,1,0,1,0,0,1,0,0,0,1,3,0,1,1,1,0,0,0,4,0,3,0,0,0,1,0,0,6,0,0,0,10,0,9,0,0,0,0,0,1,0,0,0,0,1,1,0,0,1,0,0,0,1,0,2,0,0,0,3,0,1,1,1,0,0,1,0,0,0,0,0,0,0,0,0,0,0,0,0,2,2,0,0,0,0,0,0,1,0,1,2,0,0,47,0,1,0,9,27,0,0,0,0,4,0,0,4,0,0,0,0,0,0,0,3,0,0,0,6,0,0,0,0,0,0,0,0,0,1,0,1,0,0,2,0,0,1,1,4
character(0),0,3,5,2,0,1,0,0,0,0,1,0,0,0,0,0,1,0,1,0,1,0,0,0,2,3,1,0,0,0,0,0,0,0,0,0,0,1,0,0,0,0,0,3,1,0,0,0,0,0,0,15,2,0,1,1,0,1,1,0,5,0,6,4,1,0,0,1,1,0,0,0,2,0,0,1,1,0,1,1,2,1,0,0,0,0,4,1,0,0,0,1,3,0,0,0,1,0,7,0,0,1,0,3,0,1,4,0,0,0,0,0,0,1,5,0,1,0,0,0,1,5,8,2,1,0,0,0,2,0,0,2,1,1,0,0,13,0,0,2,4,0,0,1,0,0,1,2,0,0,1,0,0,1,0,2,4,0,1,0,1,1,4,0,0,4,0,0,1,0,0,1,1,0,9,0,1,0,0,8,0,0,1,0,0,1,0,0,0,0,0,0,1,1,1,0,1,0,0,0,0,0,1,0,0,1,0,5,1,2,0,0,2,1,0,1,3,1,2,1,0,0,0,1,2,4,1,0,0,0,1,0,0,1,1,0,0,0,1,3,0,0,0,5,1,1,1,1,1,0,0,0,0,0,1,0,1,1,1,0,0,0,0,1,3,5,0,2,0,0,0,0,0,0,3,0,3,0,0,0,0,0,0,0,2,1,4,6,1,0,0,0,0,2,1,1,0,0,0,1,1,0,0,1,2,1,0,0,0,0,1,0,1,2,0,4,0,1,1,0,0,0,1,1,0,0,1,0,0,0,2,0,0,0,0,0,0,5,0,0,2,0,1,1,1,0,0,0,0,0,0,0,0,1,0,2,1,5,0,0,0,0,0,1,0,0,0,1,0,0,0,0,2,2,2,1,0,2,0,0,0,0,2,1,1,0,1,0,0,0,0,0,0,0,0,0,0,3,0,0,3,2,8,1,1,1,0,0,0,2,0,0,1,0,0,0,0,0,0,0,4,0,0,0,0,1,0,1,7,0,0,0,2,0,0,0,2,1,0,7,0,0,0,0,0,0,6,0,0,0,0,0,0,0,0,0,0,0,0,2,1,0,0,1,1,1,1,0,0,0,0,10,1,0,0,0,0,0,0,2,1,0,0,2,0,4,0,0,0,0,1,1,0,0,1,1,0,0,4,0,2,0,1,0,1,0,0,0,0,4,2,0,2,1,0,1,38,0,0,2,1,0,0,0,1,0,12,0,0,0,1,5,4,0,0,0,0,0,0,10,2,0,2,5,0,0,1,0,0,0,0,0,0,1,4,0,0,1,1,0,0,1,1,8,0,1,1,1,0,0,0,0,0,0,2,0,1,0,1,0,0,0,0,0,0,0,0,0,0,0,0,0,0,0,11,1,0,0,1,12,0,0,1,1,0,0,0,1,0,2,0,1,1,0,1,3,0,0,1,0,1,0,0,3,0,1,0,0,0,0,0,0,1,0,0,0,4,0,0,9,5,0,1,1,0,0,8,47,0,0,0,0,0,0,4,1,0,1,0,5,3,0,9,1,1,1,0,4,14,1,1,2,0,0,0,1,0,1,0,0,0,1,1,0,3,0,0,1,0,0,4,1,1,0,0,2,4,0,0,0,0,2,0,1,1,1,3,1,1,0,0,0,1,0,0,0,0,0,1,0,0,0,0,0,0,0,1,0,1,0,0,0,0,0,1,0,1,0,3,0,0,0,0,0,0,0,14,1,0,19,1,0,20,0,1,1,0,1,0,1,0,0,1,0,0,0,1,3,0,1,1,1,0,0,0,4,0,3,0,0,0,1,0,0,6,0,0,0,19,0,10,0,0,0,0,0,1,0,0,0,0,1,1,0,0,1,0,0,0,1,0,4,0,0,0,3,0,1,1,1,0,0,1,0,0,0,0,0,0,0,0,0,0,0,0,0,2,2,0,0,0,0,0,0,1,0,1,2,0,0,47,0,1,0,9,26,0,0,0,0,4,0,0,3,0,1,0,0,0,0,0,3,0,0,0,6,0,0,0,0,0,0,0,1,0,1,0,1,0,0,1,0,0,1,1,4
character(0),0,3,4,2,0,1,0,0,0,0,2,0,0,0,0,0,1,0,1,0,1,0,0,0,2,4,1,0,0,0,0,0,0,0,0,0,0,1,1,0,0,0,0,3,1,0,0,0,0,0,0,12,2,0,1,1,0,1,1,0,5,0,3,1,1,0,0,1,1,0,0,0,2,0,0,1,1,0,1,1,2,1,0,0,0,0,4,1,0,0,0,1,3,0,0,0,1,1,7,0,0,1,0,3,0,11,4,0,0,0,0,0,0,1,4,0,1,0,0,0,1,5,7,3,1,0,0,0,2,0,0,2,1,1,0,0,12,0,0,2,3,0,0,1,0,0,1,2,0,0,1,0,0,1,0,2,3,0,1,0,4,1,3,0,0,3,0,0,1,0,0,1,1,0,9,0,1,0,0,8,0,2,1,0,0,1,0,0,0,1,0,0,1,1,1,0,1,0,0,2,0,0,1,0,0,1,0,0,1,2,0,0,2,1,0,1,3,1,2,1,0,0,0,1,2,5,1,0,0,0,1,0,0,1,2,0,0,0,1,3,0,0,0,5,1,1,1,1,1,0,0,0,0,0,1,0,1,1,1,0,0,0,0,2,3,7,0,0,0,0,0,0,0,0,3,1,3,0,0,0,0,0,0,0,2,1,4,6,2,0,0,0,0,2,1,1,0,0,0,1,1,0,0,1,2,1,0,0,0,0,1,0,1,2,0,4,0,1,1,0,0,0,1,1,0,0,1,0,0,0,2,0,0,0,0,0,0,4,0,0,2,0,2,1,1,0,0,0,0,0,0,0,0,1,0,2,1,6,0,0,1,0,0,1,0,2,0,1,0,0,1,0,2,2,2,1,0,2,0,0,0,0,2,1,1,0,1,0,0,0,0,0,0,0,0,0,1,2,0,0,3,0,3,2,0,1,0,0,0,2,0,2,1,0,0,0,0,0,0,0,4,0,0,0,0,1,0,1,7,0,0,0,2,0,0,0,2,1,1,7,0,0,0,0,0,1,7,2,0,0,0,0,0,0,0,0,0,0,0,2,1,0,0,1,1,2,0,1,0,0,0,10,1,0,0,0,0,0,0,3,1,0,0,2,0,4,0,0,0,0,1,1,0,0,1,1,0,0,3,0,2,0,1,0,1,0,0,0,0,6,2,0,2,1,0,1,37,0,0,2,1,0,0,0,1,0,1,0,0,0,1,5,3,0,0,0,0,0,0,10,2,0,2,5,0,0,1,0,0,0,0,0,0,1,4,0,0,1,1,0,0,1,1,0,0,1,1,1,0,0,0,1,5,0,6,0,1,0,1,0,0,0,0,0,0,0,0,0,0,0,0,0,0,0,10,1,1,0,1,3,0,0,1,1,0,0,0,1,0,2,0,1,1,0,1,3,0,0,1,1,1,0,0,3,0,1,0,0,0,0,0,0,1,0,0,0,4,0,0,7,5,0,1,3,0,0,8,51,0,1,0,0,0,0,4,1,0,1,0,5,3,0,9,3,1,1,0,3,15,1,1,2,0,0,0,1,0,1,1,0,0,1,1,0,3,0,0,1,0,0,3,1,1,0,0,3,4,0,0,0,0,2,0,1,1,1,0,1,1,1,0,0,1,0,0,0,0,0,1,0,0,0,0,0,0,1,1,0,1,0,0,0,0,0,1,0,1,0,3,0,1,1,0,0,0,0,14,0,0,20,0,0,20,1,1,2,0,1,0,1,0,0,1,0,0,0,1,3,0,1,1,1,0,0,0,4,0,3,0,0,0,1,0,0,9,0,0,0,10,0,0,0,0,0,0,0,1,0,0,0,0,1,1,0,0,1,0,0,0,1,0,2,0,2,0,4,0,1,1,1,1,0,1,0,0,0,1,0,0,0,0,0,0,0,0,0,2,2,0,0,0,0,0,0,1,0,1,2,0,0,43,0,3,0,8,22,0,0,0,0,4,1,0,3,0,1,0,0,0,0,0,3,0,0,0,6,0,0,0,0,0,0,0,1,1,1,0,0,0,0,1,0,0,1,1,4
character(0),0,3,4,2,0,1,0,0,0,0,2,1,0,0,0,0,0,0,0,0,1,0,0,0,2,5,0,1,0,0,0,0,0,0,0,0,0,1,1,0,0,2,0,3,1,0,0,0,0,0,0,12,2,0,1,1,0,1,1,0,6,0,4,1,1,0,0,1,1,0,0,0,2,0,0,1,1,0,1,1,2,1,0,0,0,0,4,1,0,0,0,1,3,0,0,0,1,1,11,2,0,1,0,3,0,13,4,0,0,0,0,0,0,1,4,0,1,0,0,0,1,6,11,4,2,0,0,0,2,0,0,2,1,1,0,0,12,0,0,2,3,0,0,1,0,0,1,2,0,0,1,0,0,1,0,2,3,0,1,3,1,1,3,0,0,3,0,0,1,0,0,1,1,0,8,0,1,0,0,8,2,0,0,0,0,1,0,0,0,1,0,0,1,1,1,0,1,0,0,3,0,0,0,0,0,1,0,4,1,2,0,0,2,1,0,1,3,0,2,1,2,0,0,0,0,5,1,0,0,1,1,0,0,1,1,0,0,0,1,3,0,0,1,5,1,1,1,1,1,0,0,0,0,0,1,0,1,1,1,0,0,0,0,2,3,5,0,2,0,1,4,0,0,0,3,1,3,0,0,0,0,0,0,0,2,1,5,6,2,0,0,0,0,1,1,1,0,0,0,1,1,0,0,1,2,1,1,0,0,0,1,0,1,2,0,4,0,1,1,0,0,0,1,1,0,0,1,0,0,0,1,0,0,0,0,0,0,4,0,0,2,0,3,1,0,0,0,0,0,0,0,2,0,1,0,2,1,7,0,0,1,0,0,0,0,2,0,1,0,0,1,0,2,2,2,1,1,2,0,0,0,0,3,1,1,0,1,0,0,0,0,0,0,0,0,0,1,2,0,0,3,0,3,2,0,1,0,0,0,1,0,2,1,0,0,0,0,0,0,0,4,0,0,0,0,1,0,1,8,0,0,0,2,0,0,0,2,1,2,12,0,0,0,0,0,1,7,0,2,3,0,0,0,0,0,0,0,0,0,2,1,0,0,1,1,1,1,1,0,0,0,10,1,0,0,0,1,0,0,3,1,0,0,2,0,4,0,0,0,0,0,1,0,0,1,1,0,0,3,0,2,0,1,0,1,0,0,0,0,6,3,0,0,1,0,1,38,0,0,2,1,0,0,0,2,0,1,0,0,0,1,5,3,0,0,0,0,0,4,12,4,0,3,6,0,0,1,0,0,0,0,0,0,1,3,0,0,1,1,0,0,1,1,0,0,2,1,1,0,0,0,1,6,1,7,0,1,0,1,0,0,0,0,0,0,0,0,0,0,0,0,0,0,0,11,0,1,0,1,3,0,0,1,1,0,0,0,1,0,2,0,1,1,0,1,3,0,0,1,1,1,0,0,3,0,1,0,0,0,0,0,0,1,0,0,0,4,0,0,8,6,0,3,4,0,0,7,50,1,1,0,0,0,0,4,1,0,1,0,6,3,0,10,5,1,0,0,3,16,1,1,2,0,1,0,1,0,2,1,0,0,1,0,0,3,0,0,1,0,0,3,1,1,0,0,3,4,0,0,0,0,2,0,1,1,1,0,1,1,1,0,0,1,0,0,0,0,0,1,0,0,0,0,0,0,0,1,0,1,0,0,0,0,0,1,0,1,0,3,0,1,1,0,0,0,0,16,1,0,18,1,0,22,1,1,2,0,1,0,1,0,0,1,0,0,0,0,3,0,1,1,1,0,0,0,5,0,3,0,0,0,1,0,0,9,0,0,0,9,0,0,0,0,0,0,0,1,0,0,0,0,1,1,0,0,1,0,0,0,1,0,2,0,2,0,4,0,1,1,1,1,0,1,0,0,0,1,0,1,0,0,0,0,0,1,0,1,2,0,0,0,0,0,0,0,0,1,2,0,1,45,0,6,0,8,28,0,0,0,1,4,0,1,3,0,2,0,0,0,0,0,3,0,0,0,6,0,0,0,0,0,0,0,1,1,1,0,0,0,0,1,0,0,1,1,4
character(0),0,4,8,2,0,3,0,0,0,0,2,0,0,0,0,0,1,1,1,0,1,0,1,0,2,5,0,1,0,0,0,0,0,0,0,16,0,1,1,1,0,2,0,3,1,0,0,0,0,0,0,13,2,0,1,1,0,1,1,0,6,0,18,9,1,4,0,1,1,0,0,0,2,1,0,1,1,0,1,2,2,1,0,0,0,0,5,1,0,0,0,1,15,1,8,0,1,1,11,2,2,1,0,3,0,14,4,0,0,0,0,2,0,0,10,1,1,0,0,0,1,6,11,4,3,0,0,0,2,0,0,2,1,1,0,0,13,0,0,2,7,0,0,1,0,0,1,2,0,0,1,0,0,1,0,2,8,1,1,3,1,1,5,0,0,5,0,0,1,0,0,1,1,1,13,0,1,0,0,12,3,0,8,0,0,1,0,0,0,1,0,0,1,1,1,0,1,2,0,3,0,0,1,0,0,1,0,7,1,2,0,2,2,1,0,1,3,1,2,1,2,0,0,1,0,5,1,0,0,1,1,1,8,1,1,0,0,0,1,3,0,0,1,5,1,1,1,1,1,1,0,0,0,0,2,0,1,1,1,0,0,0,0,2,3,7,0,2,1,1,4,0,0,0,3,1,4,0,1,0,0,0,0,0,2,1,5,6,2,0,0,0,0,2,0,0,0,0,0,1,1,0,0,1,2,1,1,0,0,0,1,0,1,2,0,5,0,1,1,0,0,5,2,1,0,0,1,5,0,0,2,0,1,1,0,0,0,7,2,0,2,0,3,1,1,0,0,0,0,0,0,1,0,1,0,2,1,7,0,0,1,7,0,1,1,0,0,1,6,0,1,0,4,2,2,1,1,2,1,0,0,0,3,1,1,0,1,0,0,0,0,0,0,0,0,0,1,2,0,0,3,0,7,13,0,1,0,0,0,2,0,2,1,0,0,0,1,7,0,1,4,0,0,0,0,1,0,1,8,0,0,0,2,0,0,0,2,1,2,12,0,0,0,0,0,1,8,0,2,3,0,0,0,0,0,0,0,1,0,2,0,0,0,1,1,1,1,1,0,0,0,10,1,0,0,0,1,0,0,3,1,0,0,2,0,5,0,2,0,1,0,1,0,0,0,1,0,0,7,0,2,2,1,0,1,0,0,0,0,7,3,0,0,1,20,1,43,0,0,2,1,0,0,0,3,0,1,0,0,0,1,5,7,0,0,0,0,0,4,12,4,0,3,7,0,0,2,0,0,0,0,0,0,1,4,0,0,2,1,0,1,1,1,0,0,3,1,3,1,0,0,1,6,1,8,0,1,0,1,0,0,0,0,0,0,0,0,0,15,0,26,0,0,0,15,1,1,0,1,15,2,0,1,1,0,0,0,1,0,2,0,1,1,0,1,2,8,0,1,1,1,0,0,3,0,1,0,0,0,1,0,0,1,0,0,0,3,0,0,30,0,0,3,5,0,0,8,56,0,1,0,0,0,0,4,1,0,1,0,6,3,0,10,5,1,0,2,7,16,1,1,2,0,1,0,1,0,1,1,0,0,1,1,0,2,0,0,2,0,0,5,3,1,0,0,4,4,0,1,7,0,2,0,1,1,1,0,1,1,1,0,0,1,0,0,0,0,0,1,0,14,0,0,0,0,0,1,0,1,0,0,0,0,0,0,0,1,0,3,0,1,1,0,0,0,0,20,1,0,29,1,0,26,1,1,2,0,1,0,1,0,0,1,0,0,1,1,3,0,1,1,1,0,0,0,5,1,3,0,0,0,1,0,0,9,0,0,0,21,0,0,0,0,0,0,0,1,0,0,0,0,1,1,0,8,1,0,0,0,1,0,4,0,2,0,4,0,1,1,1,1,0,1,0,0,0,1,1,1,1,0,0,0,0,3,0,1,2,0,0,0,1,0,0,0,0,1,2,0,0,88,1,6,0,12,44,0,0,0,1,5,0,1,3,0,3,0,0,0,0,0,3,0,0,0,6,0,0,0,0,0,0,0,1,1,1,0,0,0,0,1,0,3,4,3,5
character(0),0,4,4,2,0,3,0,0,0,1,2,0,0,0,0,0,1,1,1,0,0,0,1,0,2,5,0,0,0,0,0,0,1,0,0,8,0,1,1,0,0,1,0,3,1,0,0,0,0,0,2,11,2,0,1,1,0,1,1,0,3,0,1,5,1,0,1,1,1,0,0,0,2,0,0,1,1,0,1,3,2,1,0,0,0,0,3,1,0,0,0,1,3,0,0,3,1,1,11,2,0,1,0,3,0,14,4,1,0,0,0,1,0,0,4,0,1,0,0,0,1,6,11,4,3,0,0,0,1,0,0,2,1,1,0,0,12,0,0,2,2,0,0,1,0,0,1,2,0,0,1,0,0,1,0,2,2,0,1,0,1,0,6,0,0,6,0,0,1,0,0,1,0,1,7,0,1,0,0,14,3,0,9,0,0,1,0,0,0,1,0,0,1,1,1,0,1,1,0,3,0,0,1,0,0,0,0,3,1,2,0,1,2,1,0,0,3,1,2,1,1,1,0,1,0,1,1,0,0,1,1,1,0,1,0,0,0,0,1,3,0,0,1,5,1,1,1,1,1,1,0,0,0,0,1,0,1,1,1,0,0,0,0,2,2,5,0,2,0,1,4,0,0,0,3,1,4,0,0,0,0,0,0,0,1,1,5,6,2,0,0,0,0,2,0,0,0,1,0,1,1,0,0,1,2,1,1,0,0,0,0,0,1,2,0,3,0,0,1,1,0,0,1,0,0,0,1,6,0,0,2,0,1,0,0,0,0,4,0,0,1,0,2,1,1,1,0,0,1,0,0,1,0,0,0,2,1,8,0,0,1,7,0,1,1,0,0,1,0,0,1,0,3,2,1,0,1,0,1,0,0,0,3,1,1,1,1,0,0,0,0,0,0,0,0,0,1,1,0,0,3,0,2,2,0,1,0,0,0,2,0,0,1,0,0,0,1,0,0,1,3,0,0,0,0,0,0,1,6,0,1,0,1,0,0,0,2,1,2,12,1,0,0,0,0,1,8,1,5,3,0,0,0,0,0,1,0,1,0,0,0,0,0,1,1,0,0,0,0,0,0,10,1,0,0,0,1,0,0,2,1,0,0,2,0,3,0,2,0,1,0,1,0,0,0,1,0,0,2,0,2,1,1,0,1,0,0,0,0,7,3,0,0,0,0,1,31,0,0,2,1,0,0,0,3,0,1,0,0,0,1,5,0,0,0,0,0,0,4,11,4,0,3,6,0,0,2,0,0,0,0,0,0,1,4,0,0,1,1,0,1,1,1,0,0,3,1,2,0,0,0,1,6,1,7,0,1,0,1,0,0,0,0,0,0,0,0,0,0,0,0,0,0,0,12,1,1,0,1,3,0,0,1,1,0,0,0,1,0,2,0,0,1,1,1,0,0,0,1,1,1,0,0,3,0,1,0,0,0,1,0,0,1,0,0,0,1,0,0,11,1,0,3,5,0,0,7,53,0,1,0,0,0,0,4,1,0,1,0,6,1,0,9,5,1,0,1,3,11,1,1,0,0,1,0,1,0,1,1,0,0,1,1,0,4,0,0,2,0,0,2,0,1,0,0,3,4,0,1,0,0,5,0,1,1,1,0,1,1,1,0,0,1,0,0,0,0,0,1,0,0,0,0,0,0,2,1,0,0,0,0,0,0,0,0,0,0,0,3,0,1,1,0,0,0,0,13,1,1,19,1,0,22,1,1,2,0,1,0,1,0,0,1,0,0,1,1,3,0,1,1,1,0,0,0,5,0,3,0,0,0,1,0,0,10,0,0,0,8,0,0,0,0,0,0,0,1,0,0,0,0,1,1,0,0,1,0,0,0,1,0,2,0,2,0,4,0,1,1,1,1,0,1,0,0,0,1,0,1,0,0,0,0,0,1,0,1,2,0,0,0,1,0,0,0,0,1,2,0,0,43,0,7,0,7,24,0,0,0,1,4,0,0,2,1,2,0,0,0,0,0,3,0,0,0,6,0,1,1,1,0,0,0,0,0,1,0,0,0,0,0,1,2,1,1,3
character(0),1,5,6,2,0,7,0,0,0,1,3,0,2,1,3,0,1,3,2,4,0,1,1,2,1,10,0,0,1,0,0,0,2,0,0,9,1,1,2,0,0,1,0,3,1,0,0,1,7,0,2,20,2,0,1,2,0,2,2,1,3,1,0,5,0,0,2,2,1,0,0,0,2,0,0,1,1,4,1,9,3,1,2,0,0,0,3,1,0,1,7,2,4,0,0,6,1,1,15,2,0,1,0,6,0,18,1,1,0,0,0,1,0,0,11,0,1,0,4,0,1,4,16,4,3,0,0,0,3,0,5,2,1,1,1,1,15,1,1,2,5,0,0,1,0,0,2,2,2,0,1,2,2,1,0,2,2,0,1,4,0,0,13,2,0,13,0,0,4,0,0,1,1,4,6,1,1,0,2,30,16,0,9,0,1,1,0,0,0,3,1,2,1,1,1,1,1,1,0,3,0,1,4,0,0,0,1,6,1,2,0,2,6,11,4,1,3,1,2,1,1,2,1,1,0,2,1,0,0,1,2,1,0,1,1,0,3,5,1,5,2,1,1,8,1,1,1,1,1,1,0,1,0,0,1,0,1,1,1,0,2,5,1,2,4,10,3,2,0,1,4,1,0,0,5,2,7,0,0,0,0,0,0,1,1,0,5,8,2,0,0,1,2,2,0,0,0,1,1,1,1,0,0,1,2,1,1,1,0,0,0,0,1,2,0,3,0,0,1,1,0,0,2,2,0,0,1,7,0,0,2,0,1,0,0,2,0,6,0,2,1,0,3,1,1,2,3,1,1,0,0,1,0,0,0,6,4,12,1,0,1,13,4,1,2,0,0,3,0,1,1,0,6,3,1,1,1,0,1,4,0,0,3,1,1,1,1,3,1,0,0,0,0,0,0,2,1,1,0,0,4,0,0,3,0,0,1,0,2,2,0,0,1,0,1,2,2,0,0,4,7,1,0,0,0,0,1,1,6,1,1,1,5,0,0,0,2,1,6,16,2,0,0,0,0,0,8,1,8,5,0,0,0,0,0,1,0,1,0,0,0,0,1,1,2,2,1,6,0,1,0,9,1,0,1,0,1,1,2,1,1,0,0,2,0,3,0,2,0,1,0,1,0,0,2,2,0,1,5,0,2,1,1,0,1,0,0,1,0,15,2,0,0,0,0,1,51,5,1,2,1,0,0,2,9,3,4,8,0,0,1,3,0,1,0,0,0,0,12,11,4,0,4,12,1,1,5,0,1,0,0,0,1,8,5,0,0,4,1,1,1,1,1,0,1,3,1,2,0,0,3,0,9,1,9,0,1,0,1,1,0,1,0,1,1,0,0,0,0,0,0,4,0,1,11,1,0,1,2,7,0,1,1,3,0,0,0,1,0,2,2,0,1,1,2,2,0,0,1,1,1,1,0,7,0,1,0,1,0,1,0,3,1,0,1,1,1,1,1,22,3,0,3,4,1,0,7,68,0,0,0,1,2,1,8,3,0,1,0,6,1,1,14,8,2,0,1,5,16,1,1,0,0,1,1,3,0,1,2,0,1,1,1,0,3,6,4,10,2,4,1,0,1,2,3,3,8,0,1,0,2,6,0,1,1,1,0,1,1,0,0,0,5,1,1,0,1,0,1,3,0,0,1,1,1,4,8,0,2,2,2,1,0,1,1,0,0,0,4,2,0,1,0,0,0,0,37,1,1,39,1,3,26,1,2,3,1,1,1,1,1,1,1,0,0,1,1,3,0,1,1,1,0,0,4,5,0,3,0,1,1,1,0,1,21,0,0,1,7,0,1,0,1,2,1,1,1,0,0,1,0,1,1,0,0,1,0,0,1,1,1,2,1,3,0,3,0,1,1,1,2,0,2,1,0,2,2,1,1,0,0,1,0,1,6,0,1,2,0,0,1,1,0,0,0,0,1,9,0,0,57,0,5,0,10,32,0,1,0,1,5,0,0,3,1,2,0,0,0,0,1,2,0,0,1,9,1,0,0,0,1,3,0,1,0,1,0,0,0,0,0,0,3,2,2,3
character(0),0,5,6,2,0,5,0,1,1,1,4,0,4,1,4,0,1,3,3,4,0,1,1,2,1,10,0,0,1,0,0,0,3,0,0,9,1,1,2,0,0,1,0,4,1,0,0,1,0,0,2,29,2,0,1,2,1,2,2,1,3,1,4,6,1,0,2,2,1,0,0,0,2,0,0,1,1,5,1,9,3,1,2,0,0,1,3,1,1,1,7,2,6,0,0,6,1,1,16,2,0,1,1,6,0,18,1,1,0,0,0,1,0,0,11,0,1,0,5,0,1,4,15,4,3,0,0,0,2,0,2,2,1,1,1,1,14,1,1,2,5,0,0,1,0,1,2,2,2,0,1,3,2,1,0,2,2,0,1,4,0,0,20,2,0,16,4,0,6,0,2,1,0,6,6,1,1,0,2,35,13,0,10,0,1,1,0,0,0,3,1,3,1,1,1,1,1,1,0,3,0,1,4,0,0,0,1,6,1,2,0,1,7,15,4,1,3,1,2,1,1,2,1,1,0,2,1,0,0,1,1,1,0,1,1,0,3,4,1,5,2,1,1,8,1,1,1,1,1,1,0,1,0,0,1,0,1,1,1,0,2,5,1,2,5,11,3,2,0,2,4,1,0,0,5,2,7,0,0,0,0,1,0,1,1,0,5,9,2,0,0,0,2,2,0,0,0,1,1,0,1,0,1,1,2,1,1,1,0,0,0,0,1,2,8,3,0,0,1,1,0,0,2,0,0,0,1,7,0,0,2,0,1,0,0,2,0,6,0,3,0,1,3,1,1,2,7,1,1,0,0,0,0,0,0,6,4,13,1,0,1,0,4,1,1,0,0,3,0,1,1,0,7,3,0,1,1,0,1,5,0,0,3,1,1,1,1,3,1,0,0,1,0,0,0,2,1,1,0,0,4,0,1,3,0,0,1,0,2,3,0,0,1,0,1,2,2,0,1,4,8,1,2,0,1,2,1,1,6,1,1,1,7,0,0,0,2,1,6,16,2,1,0,0,0,0,8,4,11,5,0,0,0,0,0,1,0,0,1,0,0,1,1,1,2,2,0,2,0,2,0,9,1,0,1,0,1,1,2,1,1,0,0,2,0,3,0,0,0,0,0,1,0,1,2,2,0,1,5,0,2,1,2,0,1,0,0,1,1,15,2,1,0,0,0,1,63,1,1,2,1,0,0,2,8,0,4,8,0,0,1,3,0,0,0,0,0,0,12,11,4,0,4,12,1,1,4,0,1,0,0,0,1,8,5,0,1,4,1,1,1,1,1,0,1,2,1,2,0,0,3,0,9,1,9,0,1,0,1,7,0,1,1,0,1,0,0,0,0,0,0,0,0,1,11,1,0,1,2,16,0,1,1,3,0,0,0,1,0,2,1,0,1,1,2,2,0,1,1,1,1,1,0,7,0,1,0,1,0,0,1,3,1,0,1,1,3,1,1,29,4,0,4,5,0,0,8,75,0,0,0,1,3,1,10,3,0,1,1,6,1,1,15,8,2,0,1,5,16,1,1,2,1,1,1,3,0,1,2,0,2,1,1,0,4,6,4,11,2,5,1,0,1,2,3,3,9,0,1,0,2,6,0,1,1,1,1,1,1,0,0,0,5,1,1,1,1,0,1,3,0,0,0,1,1,8,8,0,1,2,3,1,1,1,1,0,0,0,4,4,0,1,0,1,0,0,29,1,4,38,1,4,26,1,2,3,1,1,1,1,1,1,1,0,0,1,1,3,0,1,1,1,0,0,0,5,0,3,0,1,1,1,0,1,27,0,0,1,7,0,1,0,1,4,1,1,1,0,1,0,0,1,1,0,0,1,0,0,1,1,1,2,1,3,0,3,0,1,1,1,2,0,2,1,0,1,2,1,1,0,0,1,0,1,6,0,1,2,0,0,0,1,0,0,0,1,3,8,0,0,55,0,6,0,10,34,1,1,0,1,4,0,0,9,0,2,0,1,0,0,1,3,0,0,1,11,0,0,0,0,0,6,0,1,0,1,0,0,0,1,0,0,0,1,2,3
character(0),0,5,6,2,0,7,0,1,1,1,4,0,4,1,4,0,1,3,4,4,0,1,1,2,1,10,0,0,1,0,0,0,3,0,0,9,1,1,2,0,0,1,0,3,1,1,0,1,0,0,2,32,2,0,1,2,0,2,2,1,3,1,0,5,1,0,1,4,1,0,0,0,2,0,1,1,1,5,1,9,3,1,2,0,0,1,3,1,1,1,7,2,7,0,0,6,1,1,16,2,0,1,0,6,0,18,1,1,0,0,0,1,0,0,11,0,1,0,4,0,1,4,15,4,3,0,0,0,3,0,1,2,1,1,1,1,14,1,1,2,5,0,0,1,0,1,2,2,1,0,1,2,2,1,0,2,2,0,1,4,0,0,11,2,0,8,3,1,4,1,2,1,0,5,6,1,1,0,2,26,13,0,10,0,1,1,0,0,0,3,1,3,1,1,1,1,1,1,0,3,0,1,4,0,0,0,1,6,1,2,0,1,6,11,3,1,3,1,2,1,1,2,1,1,0,3,1,0,0,1,1,1,0,1,1,0,3,4,1,5,2,1,1,8,1,1,1,1,1,1,0,1,0,0,1,0,1,1,1,0,2,5,1,2,7,10,3,2,0,2,4,1,0,0,5,2,7,0,0,0,0,1,0,1,1,0,5,8,2,0,0,0,2,2,0,0,0,1,1,0,1,0,0,1,2,1,1,1,0,0,1,0,1,2,0,3,0,0,1,1,0,0,2,0,0,0,1,7,0,0,2,0,1,0,0,2,0,6,0,2,0,0,0,1,1,2,7,1,1,0,0,0,0,0,0,6,4,13,1,0,1,0,4,1,1,0,0,3,0,1,1,0,7,3,0,1,1,0,1,5,1,0,3,1,1,1,1,2,1,0,0,0,0,0,0,2,1,1,0,0,4,0,1,3,0,0,1,1,2,3,0,0,1,0,1,2,2,0,1,4,8,1,3,0,1,2,1,1,8,1,1,1,8,0,0,1,2,1,6,16,2,1,0,0,0,0,8,3,9,5,0,0,0,0,0,1,0,0,1,0,0,1,1,1,2,2,0,2,2,1,0,9,1,0,1,0,1,1,2,1,1,3,0,2,0,3,0,0,0,0,0,1,0,1,2,2,0,1,5,2,2,1,2,0,1,3,0,1,0,15,2,1,0,0,0,1,68,1,1,2,1,0,0,2,8,0,4,8,0,0,1,3,0,0,0,0,0,0,12,11,4,1,4,12,1,1,4,0,1,0,0,0,1,8,5,0,1,5,1,1,1,1,1,0,1,2,1,2,0,0,3,0,9,1,9,0,1,0,1,7,0,1,1,0,1,0,0,0,0,0,0,0,0,1,11,1,0,1,2,7,0,1,1,3,1,0,0,1,0,2,1,0,1,1,2,2,0,1,1,1,1,1,0,7,0,1,0,1,0,0,1,3,1,0,1,1,3,1,1,27,7,0,3,5,0,0,8,75,0,0,2,1,3,1,10,3,0,1,1,6,1,1,14,8,2,0,1,5,18,1,1,2,1,1,1,7,0,1,2,0,1,1,1,0,4,6,4,10,2,4,1,0,1,2,3,3,9,0,1,2,2,6,0,1,1,1,0,1,1,0,0,0,5,1,1,1,1,0,1,3,0,0,0,1,1,7,8,0,1,2,4,1,0,1,1,0,0,0,4,2,0,1,0,1,0,0,29,1,0,44,1,2,26,1,2,3,1,1,1,1,1,1,1,0,0,1,1,3,0,1,1,1,0,0,0,5,0,3,0,1,1,1,0,1,25,0,0,1,9,0,1,0,1,4,1,1,1,0,0,0,0,1,1,0,0,1,0,0,1,1,1,2,1,3,0,3,0,1,1,1,2,0,2,1,0,1,2,3,1,0,0,1,0,1,6,0,1,2,0,0,0,1,0,0,0,0,3,8,0,0,57,0,6,0,10,34,1,1,0,1,4,0,0,7,0,2,0,1,0,0,1,2,0,0,1,11,0,0,0,0,0,5,0,1,0,1,0,0,0,0,0,0,0,1,2,3
character(0),0,5,6,2,0,11,0,1,1,1,4,0,4,0,2,1,1,5,4,7,0,1,1,2,1,10,0,0,1,0,1,0,6,0,0,9,1,1,2,0,0,0,0,3,1,1,0,1,0,0,3,46,2,0,1,2,0,2,4,1,3,2,2,7,1,0,1,7,1,0,0,1,2,0,1,1,1,8,1,19,3,1,2,0,0,1,3,1,1,1,7,2,7,0,3,7,1,1,16,2,0,1,0,7,0,17,1,1,0,0,0,1,0,0,13,0,3,0,4,0,1,5,15,4,3,1,0,0,6,2,1,2,1,1,1,1,14,1,1,2,5,0,0,1,0,5,2,2,1,0,1,2,2,1,1,2,2,1,1,4,0,0,33,2,0,30,3,0,5,0,3,1,0,5,7,1,1,0,2,32,17,0,10,0,1,1,1,2,1,3,1,3,1,1,1,1,1,1,2,4,1,1,5,0,1,0,1,7,1,2,1,1,6,11,3,1,3,1,2,1,0,2,1,1,0,3,1,12,2,2,2,1,3,1,1,1,3,4,1,5,2,1,1,7,1,1,1,1,1,1,1,1,0,1,1,0,1,1,1,0,2,5,1,2,13,12,3,2,0,2,4,1,1,0,5,2,7,0,0,0,0,1,0,1,1,0,5,8,2,0,0,0,2,2,0,0,0,1,1,1,1,1,0,1,2,0,1,1,1,0,1,0,1,2,0,3,1,0,1,2,1,0,2,0,1,0,1,7,1,0,2,0,1,0,0,2,0,6,0,2,0,0,3,1,1,2,7,1,1,1,0,0,0,0,0,5,5,18,1,0,1,0,4,1,1,0,0,4,0,1,1,1,7,2,0,1,1,0,1,8,1,0,3,1,1,1,1,2,1,1,1,0,1,2,0,2,1,5,0,0,4,0,1,3,0,0,1,1,2,3,0,0,1,2,1,1,2,4,1,6,7,2,5,5,1,2,1,1,8,1,2,1,14,1,0,1,2,1,6,18,3,1,0,0,0,0,9,3,9,5,1,0,0,0,0,1,0,0,1,0,0,1,1,1,2,2,0,9,2,1,1,11,1,0,1,0,1,1,4,1,1,3,4,2,0,3,4,0,1,0,0,1,0,1,2,2,0,0,5,2,2,1,2,1,1,0,0,1,5,23,3,1,0,0,0,1,80,1,1,2,1,0,0,2,17,0,4,8,0,0,1,3,0,0,3,3,1,1,12,16,4,1,3,19,1,2,5,0,1,0,1,0,1,10,5,0,1,8,1,1,1,2,1,0,1,3,2,2,0,1,3,0,9,1,8,0,1,1,1,9,0,1,2,1,1,0,0,0,0,1,4,3,1,1,12,1,0,1,2,10,0,1,1,3,1,1,0,2,0,2,1,0,1,1,4,2,0,1,1,1,1,1,1,8,0,1,0,1,0,0,1,3,1,1,1,3,5,1,1,24,12,1,4,6,0,0,9,86,0,0,2,1,3,1,15,3,1,1,1,6,1,1,17,7,2,0,1,5,17,1,1,2,1,1,1,4,0,1,2,2,1,1,1,1,6,8,3,10,2,4,1,2,5,2,3,3,8,0,1,0,2,6,0,1,1,1,0,1,1,0,0,0,5,1,1,1,1,1,1,3,0,0,0,1,1,7,10,1,1,3,10,1,0,1,2,1,0,0,4,2,0,1,0,1,0,0,51,2,0,53,1,2,26,1,2,3,1,1,1,1,1,1,1,0,0,1,1,4,0,1,1,1,2,0,0,5,5,3,0,1,1,1,1,1,26,1,0,1,8,0,1,1,0,4,0,2,1,0,0,0,0,1,1,0,3,1,0,4,1,1,1,7,1,3,2,7,3,1,1,1,2,0,2,1,0,1,2,1,1,0,1,1,0,1,5,0,1,4,0,1,0,1,0,1,0,0,1,4,1,0,58,0,6,0,10,36,1,1,0,1,3,0,0,7,0,2,1,1,1,0,1,2,6,0,1,11,0,0,0,0,0,5,1,1,0,0,0,0,0,0,0,0,0,2,3,3
character(0),0,5,6,2,1,13,2,1,1,1,3,0,4,0,2,1,1,7,4,4,0,1,0,2,1,23,0,0,0,0,1,0,7,1,1,22,0,1,2,0,0,0,1,3,1,1,0,1,0,1,2,50,2,1,1,2,0,2,4,1,3,1,0,13,1,0,0,15,1,1,1,1,2,0,1,1,1,7,0,19,3,1,2,1,3,1,3,1,1,1,8,3,8,0,0,7,1,1,15,2,1,2,0,7,1,18,1,1,1,1,1,1,0,0,15,0,1,1,4,1,1,5,15,4,3,1,1,0,6,2,2,2,1,1,1,1,15,1,1,2,5,0,0,1,1,2,2,2,0,1,1,2,2,1,2,2,2,1,1,4,0,0,30,2,1,27,3,1,5,1,3,1,0,5,7,1,1,2,3,29,16,0,17,1,1,1,1,2,1,3,1,3,1,1,1,1,1,2,2,4,1,1,6,2,1,0,1,7,1,2,1,2,6,11,3,1,3,1,2,1,0,1,1,1,0,4,1,1,0,2,2,1,0,1,1,0,3,1,1,5,2,0,1,7,1,1,1,1,1,0,0,1,1,2,2,0,1,1,2,2,2,5,1,2,11,14,0,2,0,2,4,0,0,2,5,2,7,1,1,1,1,1,0,1,1,0,5,8,1,0,1,0,2,2,0,0,0,1,1,1,1,0,0,1,2,0,1,1,2,0,1,1,1,2,0,3,1,1,1,2,0,2,2,0,0,2,1,14,0,1,2,1,0,0,1,2,1,5,0,2,0,0,3,1,1,2,7,1,1,1,2,0,2,0,0,4,4,20,2,1,1,0,0,1,1,0,0,13,4,0,1,1,6,6,0,1,1,0,0,7,1,1,3,1,1,1,1,2,1,2,1,0,1,3,1,2,1,3,0,0,9,0,1,8,0,0,1,1,1,3,2,0,1,2,1,1,1,0,1,7,9,2,5,5,1,2,1,1,7,2,2,0,13,0,2,1,2,1,7,18,3,1,1,1,1,0,10,3,9,7,1,1,1,1,1,1,1,0,1,0,0,1,2,1,2,2,0,10,0,3,1,12,1,1,1,1,1,1,6,1,1,3,4,2,1,3,2,0,0,0,0,1,1,2,2,2,1,0,5,2,2,1,2,1,2,0,1,1,2,20,3,2,0,0,0,1,89,1,1,2,1,1,1,2,19,0,4,8,0,0,1,5,0,0,3,3,1,1,12,16,5,1,5,21,1,2,6,0,1,1,1,2,1,10,5,1,1,8,1,1,0,1,1,0,1,4,2,3,0,1,3,0,9,1,8,0,2,1,1,7,0,1,2,0,0,1,1,0,0,1,0,0,1,1,15,1,0,1,4,7,0,1,1,3,1,2,0,1,1,2,1,0,1,1,4,1,0,1,1,2,1,1,1,7,3,1,2,1,1,0,0,3,1,1,3,3,4,1,1,22,8,1,4,7,0,1,9,84,0,0,2,1,3,1,17,5,1,1,1,6,1,1,17,6,2,0,1,5,18,1,1,2,1,0,1,7,15,1,2,2,1,1,1,1,6,8,4,12,2,4,1,3,5,2,3,5,8,1,0,0,2,5,1,1,1,1,2,1,1,0,2,0,5,1,1,1,1,1,1,3,0,1,0,1,2,7,10,1,1,4,9,1,0,1,1,1,0,1,4,4,0,1,0,2,0,0,41,2,0,58,1,2,28,1,2,3,1,1,1,1,1,1,3,0,0,1,1,4,1,1,1,1,1,1,0,5,5,3,1,1,1,1,1,1,26,1,0,1,8,1,1,0,0,4,0,2,1,1,0,0,1,1,1,1,0,1,0,0,1,1,1,5,1,4,0,6,3,1,1,1,2,1,2,1,1,1,2,2,1,0,0,1,1,1,6,1,1,4,0,3,0,0,1,1,1,0,1,4,0,0,69,0,6,1,11,34,1,1,0,1,0,0,0,8,0,2,1,1,1,0,1,2,16,1,1,11,0,0,0,0,0,6,1,1,0,0,0,1,1,0,0,0,0,4,4,3
